{"version": "240115", "position_1": {"inputDim": 4, "online": "false", "coef": [0.86255023, 0.15744938, 0.01477711, -0.06414845], "intercept": -0.40471218830802513}, "position_2": {"inputDim": 4, "online": "false", "coef": [0.82570705, 0.10306325, 0.09383933, -0.09941865], "intercept": -0.40267278653215755}}